INSERT INTO USER (USERNAME,DISPLAY_NAME,PASSWORD) VALUES ('user1','display1','$2a$10$T8Mh6PBwV9ODHpnZQu5KA.9bOT7L7XMfvHLSbnLCDcUpAnmvg7/Vy');
INSERT INTO USER (USERNAME,DISPLAY_NAME,PASSWORD) VALUES ('user2','display3','$2a$10$T8Mh6PBwV9ODHpnZQu5KA.9bOT7L7XMfvHLSbnLCDcUpAnmvg7/Vy');
INSERT INTO USER (USERNAME,DISPLAY_NAME,PASSWORD) VALUES ('user3','display3','$2a$10$T8Mh6PBwV9ODHpnZQu5KA.9bOT7L7XMfvHLSbnLCDcUpAnmvg7/Vy');
--Sorular
INSERT INTO QUESTION (ID,QUESTION_CONTENT,CORRECT_ANSWER) VALUES (1,'Which of those isn’t an interface within the Collections Framework?',NULL );
INSERT INTO QUESTION (ID,QUESTION_CONTENT,CORRECT_ANSWER) VALUES (2,'Which interface restricts duplicate elements?',NULL );
INSERT INTO QUESTION (ID,QUESTION_CONTENT,CORRECT_ANSWER) VALUES (3,'Which of those assortment categories has the flexibility to grow dynamically?',NULL );
INSERT INTO QUESTION (ID,QUESTION_CONTENT,CORRECT_ANSWER) VALUES (4,'The efficiency and accuracy of a HashMap are often warranted with:',NULL );
INSERT INTO QUESTION (ID,QUESTION_CONTENT,CORRECT_ANSWER) VALUES (5,'A HashMap permits the existence of:',NULL );
INSERT INTO QUESTION (ID,QUESTION_CONTENT,CORRECT_ANSWER) VALUES (6,'In an Iterator what implementation will traverse a collection in each direction?',NULL );
INSERT INTO QUESTION (ID,QUESTION_CONTENT,CORRECT_ANSWER) VALUES (7,'The Comparable interface contains which method:',NULL );
INSERT INTO QUESTION (ID,QUESTION_CONTENT,CORRECT_ANSWER) VALUES (8,'Which is quicker and uses less memory?',NULL );
INSERT INTO QUESTION (ID,QUESTION_CONTENT,CORRECT_ANSWER) VALUES (9,'Which is best suited to a multi-threaded environment?',NULL );
INSERT INTO QUESTION (ID,QUESTION_CONTENT,CORRECT_ANSWER) VALUES (10,'Which doesn’t implement the collection interface?',NULL );

--Cevaplar
INSERT INTO ANSWER (ID,ANSWER_CONTENT,QUESTION_ID) VALUES (1,'Collection',1);
INSERT INTO ANSWER (ID,ANSWER_CONTENT,QUESTION_ID) VALUES (2,'Group',1);
INSERT INTO ANSWER (ID,ANSWER_CONTENT,QUESTION_ID) VALUES (3,'Set',1);
INSERT INTO ANSWER (ID,ANSWER_CONTENT,QUESTION_ID) VALUES (4,'List',1);

INSERT INTO ANSWER (ID,ANSWER_CONTENT,QUESTION_ID) VALUES (5,'Set',2);
INSERT INTO ANSWER (ID,ANSWER_CONTENT,QUESTION_ID) VALUES (6,'List',2);
INSERT INTO ANSWER (ID,ANSWER_CONTENT,QUESTION_ID) VALUES (7,'Map',2);
INSERT INTO ANSWER (ID,ANSWER_CONTENT,QUESTION_ID) VALUES (8,'Collection',2);

INSERT INTO ANSWER (ID,ANSWER_CONTENT,QUESTION_ID) VALUES (9,'Array',3);
INSERT INTO ANSWER (ID,ANSWER_CONTENT,QUESTION_ID) VALUES (10,'Arrays',3);
INSERT INTO ANSWER (ID,ANSWER_CONTENT,QUESTION_ID) VALUES (11,'ArrayList',3);
INSERT INTO ANSWER (ID,ANSWER_CONTENT,QUESTION_ID) VALUES (12,'None of these',3);

INSERT INTO ANSWER (ID,ANSWER_CONTENT,QUESTION_ID) VALUES (13,'Override equals method',4);
INSERT INTO ANSWER (ID,ANSWER_CONTENT,QUESTION_ID) VALUES (14,'Override hashCode method',4);
INSERT INTO ANSWER (ID,ANSWER_CONTENT,QUESTION_ID) VALUES (15,'None of these',4);
INSERT INTO ANSWER (ID,ANSWER_CONTENT,QUESTION_ID) VALUES (16,'Both of these',4);

INSERT INTO ANSWER (ID,ANSWER_CONTENT,QUESTION_ID) VALUES (17,'null values',5);
INSERT INTO ANSWER (ID,ANSWER_CONTENT,QUESTION_ID) VALUES (18,'one null key',5);
INSERT INTO ANSWER (ID,ANSWER_CONTENT,QUESTION_ID) VALUES (19,'None of these',5);
INSERT INTO ANSWER (ID,ANSWER_CONTENT,QUESTION_ID) VALUES (20,'Both of these',5);

INSERT INTO ANSWER (ID,ANSWER_CONTENT,QUESTION_ID) VALUES (21,'Iterator',6);
INSERT INTO ANSWER (ID,ANSWER_CONTENT,QUESTION_ID) VALUES (22,'ListIterator',6);
INSERT INTO ANSWER (ID,ANSWER_CONTENT,QUESTION_ID) VALUES (23,'SetIterator',6);
INSERT INTO ANSWER (ID,ANSWER_CONTENT,QUESTION_ID) VALUES (24,'MapIterator',6);

INSERT INTO ANSWER (ID,ANSWER_CONTENT,QUESTION_ID) VALUES (25,'toCompare',7);
INSERT INTO ANSWER (ID,ANSWER_CONTENT,QUESTION_ID) VALUES (26,'compare',7);
INSERT INTO ANSWER (ID,ANSWER_CONTENT,QUESTION_ID) VALUES (27,'compareTo()',7);
INSERT INTO ANSWER (ID,ANSWER_CONTENT,QUESTION_ID) VALUES (28,'compareWith',7);

INSERT INTO ANSWER (ID,ANSWER_CONTENT,QUESTION_ID) VALUES (29,'ListEnumeration',8);
INSERT INTO ANSWER (ID,ANSWER_CONTENT,QUESTION_ID) VALUES (30,'Iterator',8);
INSERT INTO ANSWER (ID,ANSWER_CONTENT,QUESTION_ID) VALUES (31,'Enumeration',8);
INSERT INTO ANSWER (ID,ANSWER_CONTENT,QUESTION_ID) VALUES (32,'ListIterator',8);

INSERT INTO ANSWER (ID,ANSWER_CONTENT,QUESTION_ID) VALUES (33,'WeakHashMap',9);
INSERT INTO ANSWER (ID,ANSWER_CONTENT,QUESTION_ID) VALUES (34,'Hashtable',9);
INSERT INTO ANSWER (ID,ANSWER_CONTENT,QUESTION_ID) VALUES (35,'HashMap',9);
INSERT INTO ANSWER (ID,ANSWER_CONTENT,QUESTION_ID) VALUES (36,'ConcurrentHashMap',9);

INSERT INTO ANSWER (ID,ANSWER_CONTENT,QUESTION_ID) VALUES (37,'List',10);
INSERT INTO ANSWER (ID,ANSWER_CONTENT,QUESTION_ID) VALUES (38,'Map',10);
INSERT INTO ANSWER (ID,ANSWER_CONTENT,QUESTION_ID) VALUES (39,'Set',10);
INSERT INTO ANSWER (ID,ANSWER_CONTENT,QUESTION_ID) VALUES (40,'None of these',10);

UPDATE QUESTION SET CORRECT_ANSWER=2 WHERE ID=1;
UPDATE QUESTION SET CORRECT_ANSWER=5 WHERE ID=2;
UPDATE QUESTION SET CORRECT_ANSWER=11 WHERE ID=3;
UPDATE QUESTION SET CORRECT_ANSWER=16 WHERE ID=4;
UPDATE QUESTION SET CORRECT_ANSWER=20 WHERE ID=5;
UPDATE QUESTION SET CORRECT_ANSWER=22 WHERE ID=6;
UPDATE QUESTION SET CORRECT_ANSWER=27 WHERE ID=7;
UPDATE QUESTION SET CORRECT_ANSWER=31 WHERE ID=8;
UPDATE QUESTION SET CORRECT_ANSWER=36 WHERE ID=9;
UPDATE QUESTION SET CORRECT_ANSWER=38 WHERE ID=10;